name,lng,lat
爱国新村(公交站),118.364511,31.313102
安得物流(公交站),118.402960,31.458941
安得物流(对侧),118.403170,31.459006
安徽工程大学(公交站),118.408211,31.335339
安徽工程大学(对侧),118.407909,31.335138
安徽工程大学北(公交站),118.419158,31.344436
安徽工程大学北(对侧),118.418848,31.344276
安康路(公交站),118.458654,31.353269
安康路星耀路(公交站),118.461059,31.349987
安澜路赤铸山路(公交站),118.446450,31.353498
安澜路赤铸山路(对侧),118.445824,31.353401
安澜路赤铸山路北(公交站),118.447821,31.359160
安澜路赤铸山路北(对侧),118.448138,31.359336
安澜路神山路(公交站),118.447182,31.345285
鞍山路(公交站),118.364028,31.426931
鞍山路(对侧),118.363873,31.426757
奥体中心(公交站),118.378650,31.311389
奥体中心(南行)(公交站),118.378650,31.311389
奥体中心下客点(公交站),118.379148,31.309722
奥体中心南(公交站),118.379362,31.305790
奥体中心南(对侧),118.378816,31.305887
奥韵康城(公交站),118.387016,31.312527
奥韵康城(对侧),118.386840,31.312383
八佰伴(公交站),118.367013,31.341264
八佰伴(对侧),118.367060,31.341472
八佰伴南(公交站),118.367452,31.339905
八佰伴南(对侧),118.366959,31.339724
笆斗街(公交站),118.389608,31.317535
笆斗街(对侧),118.390110,31.317653
百蕊山庄(公交站),118.393365,31.316180
百蕊山庄(对侧),118.392892,31.316046
柏庄春暖花开(公交站),118.383397,31.285668
柏庄春暖花开(对侧),118.382853,31.285572
柏庄观邸(公交站),118.429184,31.348633
柏庄观邸(对侧),118.428819,31.348509
柏庄丽城(公交站),118.381858,31.290916
柏庄丽城(对侧),118.382000,31.290720
柏庄香府(公交站),118.436589,31.345252
柏庄香府(对侧),118.437112,31.345148
北京东路1号站(公交站),118.487091,31.321697
北京东路1号站(对侧),118.486789,31.321700
北京东路口(公交站),118.488763,31.316298
北京东路口(对侧),118.489189,31.316379
北京中路(公交站),118.421706,31.335352
北京中路(对侧),118.422151,31.335275
北门(公交站),118.378889,31.323595
北塘小学(公交站),118.390366,31.325884
北塘小学(对侧),118.389849,31.326025
滨江公园(公交站),118.358323,31.339619
滨江公园(对侧),118.358000,31.339420
滨江新居(公交站),118.366620,31.445288
滨江新居(对侧),118.367152,31.445425
冰冻街口(公交站),118.361927,31.332448
冰冻街口(对侧),118.362149,31.332273
博览中心·中医医院(公交站),118.380803,31.294076
博览中心·中医医院(对侧),118.381102,31.294257
博览中心北(公交站),118.377969,31.298277
博览中心北(对侧),118.378145,31.298430
博览中心南(公交站),118.379379,31.292799
博览中心南(对侧),118.378856,31.292669
卜家店(公交站),118.432843,31.333108
卜家店(对侧),118.433149,31.332973
卜家店北(公交站),118.434266,31.335117
卜家店北(对侧),118.433850,31.334974
仓津路黄山东路(公交站),118.389731,31.328819
仓津路黄山东路(对侧),118.390018,31.328621
仓津路乌霞山东路(公交站),118.391259,31.300100
仓津路乌霞山东路(对侧),118.390842,31.300219
仓津路宣春路(公交站),118.389971,31.329888
仓津路宣春路(对侧),118.390149,31.330027
曹家山(公交站),118.389115,31.335595
曹家山(对侧),118.388789,31.335600
巢湖路(公交站),118.393313,31.458752
巢湖路(对侧),118.392823,31.458702
城东公交枢纽(公交站),118.473532,31.349051
城东公交枢纽(对侧),118.474083,31.348935
城东小区(公交站),118.424080,31.344431
城东小区(对侧),118.423844,31.344279
赤铸山立交东(公交站),118.406476,31.357365
赤铸山立交东(对侧),118.405849,31.357525
赤铸山路安澜路(公交站),118.445625,31.354782
赤铸山路安澜路(对侧),118.446211,31.354800
赤铸山路海晏路(公交站),118.442474,31.354583
赤铸山路海晏路(对侧),118.441868,31.354741
赤铸山路河清路(公交站),118.437500,31.355378
赤铸山路河清路(对侧),118.436820,31.355307
赤铸山路鸠江北路(公交站),118.417206,31.357160
赤铸山路鸠江北路(对侧),118.416850,31.356973
赤铸山路梦溪路(公交站),118.480846,31.351545
赤铸山路梦溪路(对侧),118.481160,31.351617
赤铸山路云从路(公交站),118.420258,31.357487
赤铸山路云从路(对侧),118.419834,31.357389
赤铸山路中江大道(公交站),118.431819,31.356944
赤铸山路中江大道(对侧),118.432211,31.356900
赤铸山西路(公交站),118.360507,31.360584
赤铸山西路(对侧),118.360890,31.361212
崇文学校(北门)(公交站),118.396337,31.362587
崇文学校(西门)(公交站),118.393689,31.360735
春江路口(公交站),118.481354,31.324028
春江路口(对侧),118.480833,31.323890
祠山(公交站),118.505314,31.344722
祠山(对侧),118.504828,31.344596
萃文中学(公交站),118.370335,31.292059
萃文中学(对侧),118.369875,31.291955
大富新村(公交站),118.374191,31.363989
大富新村(对侧),118.373840,31.363883
大工山路东(公交站),118.400226,31.294058
大工山路东(对侧),118.399843,31.294220
大工山路长江南路(公交站),118.355963,31.291440
大工山路长江南路(对侧),118.355897,31.291243
大工山路中山南路(公交站),118.363502,31.291873
大工山路中山南路(对侧),118.364100,31.291642
大拐桥(公交站),118.502430,31.332798
大拐桥(对侧),118.502000,31.332980
大剧院(公交站),118.358790,31.335606
大剧院(对侧),118.359157,31.335719
大砻坊(公交站),118.398498,31.318750
大砻坊(对侧),118.399139,31.318665
大圣小区(公交站),118.401402,31.435938
大学桥北(公交站),118.415718,31.343216
大学桥北(对侧),118.416135,31.343338
大学桥南(公交站),118.415754,31.338678
大学桥南(对侧),118.416134,31.338561
大阳垾公园北(公交站),118.417892,31.378454
大阳垾公园北(对侧),118.418211,31.378500
大阳垾公园西(公交站),118.412865,31.372084
大阳垾公园西(对侧),118.413211,31.372100
大阳垾湿地公园(公交站),118.416358,31.371535
大阳垾湿地公园(对侧),118.416005,31.371780
大营新村(公交站),118.395050,31.312208
大营新村(对侧),118.394844,31.312079
德豪润达(公交站),118.500757,31.354542
德豪润达(对侧),118.501130,31.354358
第二人民医院(公交站),118.380180,31.327457
第二人民医院(对侧),118.379852,31.327372
第二十八中学(公交站),118.419287,31.361452
第二十八中学(对侧),118.418855,31.361369
第二十九中学(公交站),118.366112,31.368633
第二十九中学(对侧),118.365851,31.368473
第二十七中分校(公交站),118.420829,31.332821
第二十七中分校(对侧),118.421133,31.332661
第二十七中学(公交站),118.364567,31.352094
第二十七中学(对侧),118.365164,31.352213
第七中学(公交站),118.360668,31.437639
第七中学(对侧),118.361120,31.437748
第三人民医院(公交站),118.405869,31.323853
第三人民医院(对侧),118.406209,31.323878
第三人民医院(西)(公交站),118.403496,31.325191
第三人民医院(西)(对侧),118.402791,31.325222
第三十三中学(公交站),118.405381,31.464596
第三十三中学(对侧),118.405000,31.464780
第三中学(公交站),118.377791,31.330405
第三中学(对侧),118.378205,31.330339
第十二中学·市口腔医院(公交站),118.372612,31.300343
第十二中学·市口腔医院(对侧),118.373000,31.300120
第十一中学(公交站),118.365376,31.343215
第十一中学(对侧),118.364839,31.343316
第四人民医院·市中医院(北)(公交站),118.381706,31.298328
第四人民医院·市中医院(北)(对侧),118.382153,31.298423
第五人民医院(公交站),118.402336,31.337723
第五人民医院(对侧),118.401851,31.337827
第五人民医院(南)(公交站),118.404770,31.335304
第五人民医院(南)(对侧),118.405211,31.335300
第一人民医院(公交站),118.454449,31.355937
第一人民医院(对侧),118.453838,31.356015
第一人民医院经开院区(公交站),118.373330,31.407680
第一人民医院经开院区(对侧),118.372856,31.407831
第一中学(公交站),118.431836,31.360486
第一中学(对侧),118.432162,31.360615
第一中学东门(公交站),118.439032,31.357808
第一中学西(公交站),118.429411,31.359844
第一中学西(对侧),118.428802,31.359740
电厂新奥中心(公交站),118.360187,31.440556
电厂新奥中心(对侧),118.359865,31.440462
电讯大楼(公交站),118.368050,31.332920
电讯大楼(对侧),118.367790,31.332890
雕塑公园(公交站),118.415749,31.348337
雕塑公园(对侧),118.416138,31.348164
雕塑公园北(公交站),118.415812,31.354857
雕塑公园北(对侧),118.416133,31.354760
东外街(公交站),118.389171,31.322014
东鑫管业(公交站),118.505104,31.353609
东鑫管业(对侧),118.504833,31.353490
段家园(公交站),118.398253,31.331299
段家园(对侧),118.397790,31.331188
峨山东路(公交站),118.382042,31.276320
峨山东路(对侧),118.381869,31.276159
二街(公交站),118.374849,31.324723
二街(对侧),118.375117,31.324550
二炮干休所(公交站),118.403620,31.339861
二炮干休所(对侧),118.404200,31.339845
二十里(公交站),118.403509,31.412265
二十里(对侧),118.404155,31.412421
方特东方神画·水上乐园(公交站),118.464663,31.355306
方特东方神画·水上乐园(对侧),118.465211,31.355300
方特欢乐世界北(公交站),118.374562,31.381272
方特欢乐世界南(公交站),118.373420,31.374792
方特欢乐世界南(对侧),118.372802,31.374860
方特梦幻王国(公交站),118.457536,31.356131
方特梦幻王国(对侧),118.458148,31.356228
方特梦幻王国(赤铸山东路)(公交站),118.457404,31.356362
方特梦幻王国(赤铸山东路)(对侧),118.456861,31.356435
凤凰美食街(公交站),118.369592,31.337999
凤凰美食街(对侧),118.370018,31.337821
凤鸣湖实验小学(公交站),118.368704,31.400513
凤鸣湖实验小学(对侧),118.369211,31.400500
福海家具北(公交站),118.377834,31.360356
福海家具北(对侧),118.378175,31.360300
福海家具西(公交站),118.374514,31.358854
福海家具西(对侧),118.375013,31.359080
港湾路(公交站),118.376451,31.415376
港湾路(对侧),118.375816,31.415488
港一路公交枢纽(公交站),118.367634,31.388428
港一路公交枢纽(对侧),118.368169,31.388292
高速东方御府南(公交站),118.484562,31.356871
高速东方御府南(对侧),118.485119,31.357049
公交集团公司(公交站),118.404614,31.415495
公交集团公司(对侧),118.405094,31.415339
供水总公司(公交站),118.373763,31.350464
供水总公司(对侧),118.374176,31.350401
古玩市场(公交站),118.363220,31.337174
古玩市场(对侧),118.364355,31.337151
广电中心(公交站),118.385131,31.339415
广电中心(对侧),118.384875,31.339255
广福路(公交站),118.368179,31.380332
广福路(对侧),118.367789,31.380400
广济寺(公交站),118.379063,31.336081
广济寺(对侧),118.379000,31.336280
锅炉厂(公交站),118.364961,31.407157
锅炉厂(对侧),118.364896,31.407356
国际会展中心·中医医院(公交站),118.380558,31.295508
国际会展中心·中医医院(对侧),118.381141,31.295366
国家广告产业园(公交站),118.413574,31.335638
国家广告产业园(对侧),118.414153,31.335476
国泰路安澜路(公交站),118.445374,31.346238
国泰路安澜路(对侧),118.444852,31.346072
国泰路河清路(公交站),118.437498,31.346265
国泰路河清路(对侧),118.436856,31.346169
海创·汀海壹品(公交站),118.394080,31.357582
海创·汀海壹品(南侧)(公交站),118.394080,31.357582
海创·汀海壹品(对侧),118.393841,31.357718
海创汀海壹品(公交站),118.394080,31.357582
海创汀海壹品(对侧),118.393841,31.357718
海晏路和悦路(公交站),118.441380,31.342057
海晏路和悦路(对侧),118.440871,31.342242
海晏路仁和路(公交站),118.441633,31.348422
海晏路仁和路(对侧),118.442128,31.348543
海晏路神山路(公交站),118.441644,31.345028
海晏路神山路(对侧),118.442116,31.344850
合南社区(公交站),118.365009,31.408889
合南社区(对侧),118.364839,31.409016
河清路(公交站),118.436938,31.357985
河清路(对侧),118.437209,31.358025
河塘村(公交站),118.387215,31.408421
河塘村(对侧),118.386844,31.408521
褐南村(公交站),118.370479,31.408936
褐南村(对侧),118.369827,31.409002
褐山花苑二期(公交站),118.371141,31.437391
褐山花苑二期(对侧),118.370836,31.437513
褐山花苑一期(公交站),118.367148,31.438772
褐山花苑一期(对侧),118.366837,31.438914
恒泰铜材公司(公交站),118.429375,31.381471
恒泰铜材公司(对侧),118.428829,31.381605
衡山路东(公交站),118.408645,31.450331
衡山路东(对侧),118.409143,31.450167
衡山路口(公交站),118.405904,31.451391
衡山路口(对侧),118.406127,31.451256
红光路北京中路(公交站),118.387349,31.335091
红光路北京中路(对侧),118.387286,31.335880
红花山东路口(公交站),118.390582,31.301580
红花山东路口(对侧),118.391058,31.301773
红花山路(公交站),118.386749,31.302805
红花山路(对侧),118.387149,31.302673
红花山路西干路(公交站),118.400814,31.302518
红花山路西干路(对侧),118.401101,31.302658
红花山路元塘路(公交站),118.394870,31.302609
红花山路元塘路(对侧),118.395211,31.302600
红花山路长江南路(公交站),118.362584,31.302139
红花山路长江南路(对侧),118.363169,31.302208
红花山西路(公交站),118.367878,31.301801
红花山西路(对侧),118.368143,31.301932
红梅新村(公交站),118.374844,31.351861
红梅新村(对侧),118.375134,31.352039
红旗(公交站),118.363559,31.367431
红旗(对侧),118.364066,31.367571
红旗路口(公交站),118.363994,31.364795
红旗路口(对侧),118.363970,31.364978
红星(公交站),118.407951,31.461259
红星(对侧),118.408209,31.461323
花街(公交站),118.386592,31.320217
花街(对侧),118.387192,31.320126
花塘(公交站),118.399136,31.358362
花塘(对侧),118.398870,31.358542
华仑港湾(公交站),118.367546,31.308670
华仑港湾(对侧),118.368112,31.308548
黄山东路(公交站),118.417995,31.329753
黄山东路(对侧),118.418211,31.329800
黄山东路1号站(公交站),118.407120,31.328369
黄山东路1号站(对侧),118.406856,31.328269
黄山东路2号站(公交站),118.401580,31.327704
黄山东路2号站(对侧),118.402088,31.327864
黄山东路3号站(公交站),118.432886,31.330370
黄山东路3号站(对侧),118.433211,31.330400
黄山西路(公交站),118.367509,31.335241
黄山西路(对侧),118.368209,31.335180
黄山园(公交站),118.388687,31.324020
黄山园(对侧),118.389112,31.323848
徽商城(公交站),118.372140,31.332812
徽商城(对侧),118.371851,31.333027
徽州路赤铸山东路(公交站),118.452570,31.361832
徽州路赤铸山东路(对侧),118.452453,31.360543
荟萃中学(公交站),118.381628,31.328498
荟萃中学(对侧),118.382149,31.328373
机场(公交站),118.403580,31.398838
机场(对侧),118.404000,31.398620
吉和路(公交站),118.361024,31.339436
吉和路(对侧),118.360866,31.339261
尖山路嵩山路(公交站),118.394540,31.465729
尖山路嵩山路(对侧),118.395132,31.465841
尖山路泰山路(公交站),118.393716,31.461041
尖山路泰山路(对侧),118.394143,31.461132
健美小区(东行)(公交站),118.362743,31.350464
健美小区(公交站),118.362743,31.350464
健美小区(对侧),118.363154,31.350377
金浩·仁和天地(公交站),118.436567,31.348325
金浩·仁和天地(对侧),118.437125,31.348445
金马门(公交站),118.387810,31.316707
金马门(对侧),118.388130,31.316559
金融中心(公交站),118.429582,31.355418
金融中心(对侧),118.430176,31.355499
金湾(公交站),118.394183,31.395996
金湾(对侧),118.393851,31.395873
金湾小区(公交站),118.391289,31.395074
金湾小区(对侧),118.390869,31.395241
金鹰国际广场(公交站),118.366411,31.316999
金鹰国际广场(对侧),118.365885,31.317151
锦天花苑(公交站),118.365187,31.329501
锦天花苑(对侧),118.364790,31.329509
晋家楼(公交站),118.386319,31.395104
晋家楼(对侧),118.385789,31.395100
经开区管委会(公交站),118.405390,31.468931
经开区管委会(对侧),118.404789,31.468900
经开区管委会(西)(公交站),118.402856,31.468433
经开区管委会(西)(对侧),118.403136,31.468363
经开区管委会西(公交站),118.402475,31.467780
经开区管委会西(对侧),118.401919,31.467966
景观大道东(公交站),118.370125,31.376772
景观大道西(公交站),118.365806,31.376705
景观大道西(对侧),118.366142,31.376833
景江东方(公交站),118.363156,31.375353
景江东方(对侧),118.363000,31.375580
镜湖世纪城(公交站),118.414753,31.329136
镜湖世纪城(对侧),118.415211,31.329100
镜湖世纪城(中)(公交站),118.415673,31.332954
镜湖世纪城(中)(对侧),118.416122,31.332853
镜湖小学(公交站),118.383572,31.335434
镜湖小学(对侧),118.384147,31.335272
鸠江北路(公交站),118.416564,31.359236
鸠江北路(对侧),118.417178,31.359296
鸠江饭店(公交站),118.370973,31.332721
鸠江饭店(对侧),118.371189,31.332780
鸠江开发区(公交站),118.429321,31.384306
鸠江开发区(对侧),118.428811,31.384379
鸠江区法院(公交站),118.399526,31.377464
鸠江区法院(对侧),118.400153,31.377624
鸠江区政府(公交站),118.390078,31.369327
鸠江区政府(对侧),118.389789,31.369300
鸠江区政务服务中心(公交站),118.420628,31.368743
鸠江区政务服务中心(对侧),118.421155,31.368821
鸠兹创业街(公交站),118.407266,31.368850
鸠兹创业街(对侧),118.406849,31.368774
鸠兹广场(公交站),118.372104,31.331500
鸠兹广场(对侧),118.372182,31.331856
鸠兹家苑(公交站),118.401772,31.370065
鸠兹家苑(南门)(公交站),118.411964,31.368885
鸠兹家苑(对侧),118.402161,31.370216
鸠兹家苑(东)(公交站),118.416679,31.368884
鸠兹家苑(东)(对侧),118.417150,31.369026
鸠兹家苑(中门)(公交站),118.408353,31.370786
鸠兹家苑(中门)(对侧),118.407839,31.370684
鸠兹家苑北(公交站),118.409142,31.372295
鸠兹家苑北(对侧),118.408829,31.372194
鸠兹家苑东(公交站),118.416679,31.368884
鸠兹家苑东(对侧),118.417150,31.369026
鸠兹家苑西(公交站),118.403616,31.372987
鸠兹家苑西(对侧),118.404211,31.373000
鸠兹小学(公交站),118.425030,31.342096
鸠兹小学(对侧),118.424863,31.341963
九华中路(公交站),118.379345,31.332713
九华中路(对侧),118.378836,31.332587
卡子街(公交站),118.386165,31.326243
卡子街(对侧),118.385805,31.326133
康复路(公交站),118.396772,31.320395
康复路(对侧),118.397192,31.320473
康乐小区(公交站),118.429796,31.334015
康乐小区(对侧),118.430131,31.333859
科创中心(公交站),118.375613,31.412081
科创中心(对侧),118.376182,31.412190
李巷(公交站),118.384066,31.310062
李巷(对侧),118.383844,31.309980
利民路小学(公交站),118.368064,31.306784
利民路小学(对侧),118.367846,31.306923
利民西路(公交站),118.369696,31.311840
利民西路(对侧),118.370165,31.311911
莲塘牡丹园(公交站),118.373607,31.371801
莲塘牡丹园(对侧),118.374138,31.371936
莲塘新村(公交站),118.375991,31.369172
莲塘新村(对侧),118.375857,31.368968
联盛广场(公交站),118.389801,31.342256
联盛广场(对侧),118.390205,31.342340
粮食储运站(公交站),118.356735,31.361818
粮食储运站(对侧),118.357166,31.361911
烈士陵园(公交站),118.398733,31.349809
烈士陵园(对侧),118.399129,31.349658
临江桥(公交站),118.364791,31.319093
临江桥(对侧),118.365151,31.318975
临时站(公交站),118.362967,31.302136
临时站(公交站),118.388536,31.327205
临时站(公交站),118.394895,31.350582
临时站(公交站),118.400353,31.456811
临时站(公交站),118.411441,31.322460
临时站(公交站),118.413994,31.361030
临时站(公交站),118.446496,31.344371
六处小区(公交站),118.435903,31.331267
六处小区(对侧),118.436149,31.331173
龙山老年大学(公交站),118.400757,31.450994
龙山老年大学(对侧),118.401142,31.450867
龙山西路(公交站),118.363967,31.435569
龙山西路(对侧),118.364149,31.435727
砻坊路口(公交站),118.394562,31.317022
砻坊路口(对侧),118.395100,31.316842
绿洲路红杨路(公交站),118.415996,31.324455
绿洲路红杨路(对侧),118.416210,31.324506
绿洲路黄山东路(公交站),118.420768,31.331645
绿洲路黄山东路(对侧),118.421000,31.331420
绿洲路鸠江南路(公交站),118.418478,31.327354
绿洲路鸠江南路(对侧),118.417851,31.327273
马场村(公交站),118.373314,31.289310
马场村(对侧),118.372805,31.289233
马仁山东路(公交站),118.392464,31.307062
马仁山东路(对侧),118.391399,31.307016
马仁山东路口(公交站),118.389566,31.306107
马仁山东路口(对侧),118.390128,31.306243
马仁山西路(公交站),118.364403,31.306577
马仁山西路(对侧),118.363846,31.306723
马仁山西路口(公交站),118.363364,31.309978
马仁山西路口(对侧),118.363000,31.310180
马饮(公交站),118.384933,31.280425
马饮(对侧),118.385168,31.280291
梅莲路(公交站),118.385445,31.346876
梅莲路(对侧),118.384814,31.346985
梅园小区(公交站),118.366535,31.360937
梅园小区(对侧),118.367211,31.360900
美芝压缩机(公交站),118.413177,31.453217
美智空调(公交站),118.366277,31.449332
美智空调(对侧),118.366000,31.449120
梦溪路新胜路(公交站),118.485507,31.361446
梦溪路新胜路(对侧),118.486102,31.361557
民生银行芜湖分行(公交站),118.387078,31.342264
民生银行芜湖分行(对侧),118.386790,31.342284
南关(公交站),118.380951,31.312677
南关(对侧),118.381211,31.312700
南京禄口机场芜湖城市候机楼(公交站),118.392848,31.349929
南京禄口机场芜湖城市候机楼(对侧),118.391662,31.350089
南瑞公交首末站(公交站),118.392185,31.302653
南瑞公交首末站(对侧),118.391789,31.302700
南瑞湖北(公交站),118.393394,31.310659
南瑞湖北(对侧),118.392822,31.310796
南瑞湖东(公交站),118.394771,31.308204
南瑞湖东(对侧),118.395138,31.308064
南瑞湖西(公交站),118.391846,31.307810
南瑞湖西(对侧),118.392136,31.307663
南瑞实验学校(公交站),118.396732,31.306059
南瑞实验学校(对侧),118.397122,31.306247
南瑞新城(公交站),118.391846,31.312214
南瑞新城(对侧),118.392157,31.312320
南塘湖路(公交站),118.389091,31.285101
南塘湖路(对侧),118.388836,31.285213
南翔万商(公交站),118.431039,31.378303
南翔万商(对侧),118.430523,31.378700
南翔万商1号站(公交站),118.433890,31.376855
南翔万商1号站(对侧),118.434000,31.377080
南阳菜市(公交站),118.407043,31.403997
盆塘沿(公交站),118.367093,31.320373
盆塘沿(对侧),118.366868,31.320540
浦江路港湾路(公交站),118.370325,31.414425
浦江路港湾路(对侧),118.369821,31.414495
齐落山路(公交站),118.370903,31.394371
齐落山路(对侧),118.371156,31.394521
奇瑞研究院(公交站),118.368392,31.428441
奇瑞研究院(对侧),118.367837,31.428514
奇瑞BOBO城(公交站),118.397078,31.459505
奇瑞BOBO城(对侧),118.396856,31.459631
汽车部件园(公交站),118.429053,31.342017
汽车部件园(对侧),118.428822,31.341904
汽经一路(公交站),118.372088,31.431758
汽经一路(对侧),118.371874,31.431656
千岛湖路衡山路(公交站),118.399281,31.449475
千岛湖路衡山路(对侧),118.398841,31.449382
千岛湖路龙山路(公交站),118.399689,31.443532
千岛湖路龙山路(对侧),118.400143,31.443368
千岛湖路泰山路(公交站),118.400923,31.460246
千岛湖路泰山路(对侧),118.401169,31.460308
千岛湖路泰山路南(公交站),118.400280,31.456909
千岛湖路泰山路南(对侧),118.399849,31.456774
千岛湖路长山路(公交站),118.399869,31.454043
千岛湖路长山路(对侧),118.400152,31.453875
钱桥路口(公交站),118.390051,31.362900
钱桥路口(对侧),118.389967,31.363078
青山街小区(公交站),118.363776,31.334598
青山街小区(对侧),118.364128,31.334743
清风路口(公交站),118.432548,31.344405
清风路口(对侧),118.433148,31.344272
清水(公交站),118.481484,31.318568
清水(对侧),118.480866,31.318739
清水村(公交站),118.473546,31.320187
清水村(对侧),118.474144,31.320069
清水大弯子(公交站),118.490037,31.316986
清水大弯子(对侧),118.490000,31.317180
清水河中学(公交站),118.483844,31.318034
清水河中学(对侧),118.484134,31.317961
清水街道办(公交站),118.481387,31.321779
清水街道办(对侧),118.480800,31.321743
人民保险公司(公交站),118.381042,31.334666
人民保险公司(对侧),118.380791,31.334682
仁和路安澜路(公交站),118.445161,31.349835
仁济医院·光明社区(公交站),118.446342,31.363219
仁济医院·光明社区(对侧),118.446037,31.363477
融汇化工(公交站),118.362361,31.425187
融汇化工(对侧),118.361828,31.425304
融汇中江广场(公交站),118.367561,31.326270
融汇中江广场(对侧),118.368000,31.326480
瑞东园(公交站),118.398390,31.312131
瑞东园(对侧),118.397857,31.311968
瑞丰商博城(公交站),118.402519,31.313269
瑞丰商博城(对侧),118.403149,31.313427
瑞丰商博城东(北行)(公交站),118.404214,31.312179
瑞丰商博城东(公交站),118.403816,31.312887
瑞丰商博城东(南行)(公交站),118.403816,31.312887
瑞丰商博城东(对侧),118.404118,31.312751
瑞鹄汽车模具(公交站),118.370848,31.429061
瑞鹄汽车模具(对侧),118.371172,31.428996
瑞湖南路(公交站),118.393326,31.305174
瑞湖南路(对侧),118.392841,31.305082
赛格电子市场(公交站),118.397886,31.366810
赛格电子市场(对侧),118.398180,31.366893
三十里(公交站),118.405630,31.444474
三十里(对侧),118.406145,31.444369
三潭公园(公交站),118.372518,31.320018
三潭公园(对侧),118.373210,31.320009
三潭路中山南路(公交站),118.369121,31.321208
三潭路中山南路(对侧),118.368836,31.321088
三塘(公交站),118.400678,31.404354
三塘(对侧),118.401194,31.404471
上陶路(公交站),118.404292,31.373803
上陶路(对侧),118.403143,31.373100
莘苑学生公寓(公交站),118.381984,31.394262
莘苑学生公寓(对侧),118.381835,31.394412
神山北(公交站),118.412609,31.357240
神山北(对侧),118.413143,31.357068
神山公园(公交站),118.411615,31.357418
神山公园(对侧),118.412149,31.357273
神山口(公交站),118.396164,31.339644
神山口(对侧),118.395794,31.339635
神山口(北)(公交站),118.397973,31.340456
神山口(北)(对侧),118.398000,31.340680
神山口(东)(公交站),118.399076,31.338902
神山口(东)(对侧),118.398869,31.339041
神山口(南)(公交站),118.397394,31.338143
神山口(南)(对侧),118.397000,31.337920
神山口立交桥(公交站),118.395912,31.335802
神山口立交桥(对侧),118.396145,31.335931
神山路(公交站),118.413466,31.344448
神山路(对侧),118.412850,31.344526
神山路东(公交站),118.440968,31.344395
神山路东(对侧),118.441165,31.344512
神山路河清路(公交站),118.435747,31.344406
神山路河清路(对侧),118.436150,31.344273
神山路口(公交站),118.429184,31.345139
神山路口(对侧),118.428840,31.345217
师大附外城东校区(北门)(公交站),118.423551,31.347387
师大附外城东校区(东门)(公交站),118.425295,31.345289
师大附小(公交站),118.387513,31.291380
师大附小(对侧),118.388109,31.291554
师大附小北(公交站),118.384456,31.293105
师大附小北(对侧),118.383852,31.293228
师大附小东校区(公交站),118.394865,31.284327
师大附小东校区(对侧),118.395159,31.284182
师大附小西校区(公交站),118.362417,31.297540
师大附小西校区(对侧),118.361853,31.297371
师大花津校区(公交站),118.373611,31.283890
师大花津校区(对侧),118.374110,31.283747
十里江湾公园(公交站),118.354907,31.290255
十里江湾公园(对侧),118.355209,31.290324
十里牌(公交站),118.395630,31.375429
十里牌(对侧),118.395000,31.375220
十里牌立交桥(公交站),118.392860,31.369913
十里牌立交桥(对侧),118.393029,31.369722
时雨景观桥(公交站),118.435304,31.349835
时雨景观桥(对侧),118.434850,31.349926
世纪花园(公交站),118.386026,31.344731
世纪花园(对侧),118.385914,31.344536
市博物馆(公交站),118.430694,31.349848
市博物馆(对侧),118.431151,31.349675
市公安局·消防支队(公交站),118.471367,31.353815
市公安局·消防支队(对侧),118.470880,31.353948
市交警支队(公交站),118.391038,31.365478
市交警支队(对侧),118.390863,31.365637
市气象局(公交站),118.426055,31.368072
市气象局(对侧),118.425858,31.368233
市文化馆·绿影新村(公交站),118.374609,31.355547
市文化馆·绿影新村(对侧),118.375078,31.355333
市文化馆绿影新村(公交站),118.374705,31.355794
市文化馆绿影新村(对侧),118.375109,31.355646
市中心血站·报业集团(公交站),118.372444,31.305365
市中心血站·报业集团(对侧),118.371842,31.305281
水垛(公交站),118.503617,31.337980
水垛(对侧),118.504166,31.337889
水阳江路(公交站),118.379232,31.391728
水阳江路(对侧),118.378904,31.391860
四褐山公交首末站(公交站),118.360347,31.445651
四褐山公交首末站(对侧),118.360000,31.445880
四褐山街道办(公交站),118.361563,31.431259
四褐山街道办(对侧),118.362098,31.431459
松韵园(公交站),118.412973,31.316305
松韵园(对侧),118.413132,31.316440
泰山路(公交站),118.383820,31.460743
泰山路(对侧),118.384144,31.460568
泰苑小区(公交站),118.373975,31.367469
泰苑小区(对侧),118.374139,31.367635
棠梅小学(公交站),118.408069,31.324905
棠梅小学(对侧),118.407968,31.324722
陶沟(公交站),118.361572,31.337066
陶沟(对侧),118.362106,31.337262
天池路神山路(公交站),118.425037,31.343671
天池路神山路(对侧),118.424842,31.343581
天和苑(公交站),118.381645,31.350703
天和苑(对侧),118.382133,31.350840
天柱山路(公交站),118.373176,31.378714
天柱山路(对侧),118.372857,31.378832
天柱山路停调场(公交站),118.361354,31.376381
天柱山路停调场(对侧),118.360853,31.376271
天柱山路西(北侧)(公交站),118.356914,31.376297
天柱山路西(东行)(公交站),118.357506,31.376143
天柱山路西(公交站),118.357506,31.376143
天柱山路西(西行)(公交站),118.357026,31.376303
天柱山路西(对侧),118.358151,31.376074
田家炳实验中学(公交站),118.371835,31.361189
田家炳实验中学(对侧),118.372148,31.361328
汀棠公园·东方蓝海(公交站),118.388859,31.359644
汀棠公园·东方蓝海(对侧),118.389186,31.359684
汀棠公园东方蓝海(公交站),118.387601,31.357697
汀棠公园东方蓝海(对侧),118.388192,31.357773
汀苑路(公交站),118.393323,31.356296
汀苑路(对侧),118.392835,31.356188
停靠站(华宇彩晶)(公交站),118.493680,31.335898
停靠站(华宇彩晶)(对侧),118.494000,31.336080
停靠站(武夷山路银湖北路)(公交站),118.376246,31.400173
停靠站(武夷山路银湖北路)(对侧),118.375854,31.400330
皖医滨江校区北区(东门)(公交站),118.364358,31.289452
皖医二附院(公交站),118.392199,31.321995
皖医二附院(对侧),118.391900,31.322158
皖医二附院东(公交站),118.394523,31.320391
皖医二附院东(对侧),118.395011,31.320580
万春湖路1号站(公交站),118.495660,31.342116
万春湖路1号站(对侧),118.496114,31.341949
万春湖路2号站(公交站),118.496539,31.347107
万春湖路3号站(公交站),118.496979,31.349905
万春湖路3号站(对侧),118.497137,31.349764
万春湖路口(公交站),118.496933,31.340284
万春西路(公交站),118.423958,31.378763
万春西路(对侧),118.424174,31.378698
王家巷(公交站),118.363909,31.361696
王家巷(对侧),118.364141,31.361566
王稼祥纪念园(公交站),118.361008,31.343733
王稼祥纪念园(对侧),118.360789,31.343700
纬二次路杨清河路(公交站),118.505104,31.353609
纬二次路杨清河路(对侧),118.504833,31.353490
文昌东路九华南路(公交站),118.385920,31.287285
文昌东路九华南路(对侧),118.386146,31.287429
文昌路仓津路东(公交站),118.398824,31.287961
文昌路仓津路东(对侧),118.399151,31.287875
文昌路南塘湖路(公交站),118.391770,31.287644
文昌路南塘湖路(对侧),118.392152,31.287476
文津东路(公交站),118.385928,31.282529
文津小区(公交站),118.374457,31.292513
文津小区(对侧),118.373855,31.292370
乌霞山东路(公交站),118.389173,31.298765
乌霞山东路(对侧),118.388860,31.298666
乌霞山路(公交站),118.374792,31.298116
乌霞山路(对侧),118.375150,31.297974
乌霞山路口(公交站),118.357638,31.295862
乌霞山路口(对侧),118.358204,31.295945
乌霞山路南塘湖路(公交站),118.384331,31.298206
乌霞山路南塘湖路(对侧),118.383790,31.298200
乌霞山西路花津南路(公交站),118.370825,31.297899
乌霞山西路花津南路(对侧),118.371152,31.297776
乌霞山西路中山南路(公交站),118.365373,31.297626
乌霞山西路中山南路(对侧),118.364857,31.297468
吾悦广场(公交站),118.365471,31.340530
吾悦广场(对侧),118.365000,31.340320
芜湖古城(公交站),118.385508,31.323468
芜湖古城(对侧),118.386184,31.323588
芜湖科技馆(公交站),118.373237,31.381451
芜湖科技馆(对侧),118.372846,31.381377
芜湖盲校(公交站),118.477982,31.325287
芜湖盲校(对侧),118.477976,31.325479
芜湖汽车站(公交站),118.385716,31.346966
芜湖汽车站(对侧),118.386175,31.346900
芜湖站东广场(公交站),118.393513,31.347032
芜湖站东广场上客点(公交站),118.393660,31.347325
芜湖站东广场下客点(公交站),118.394341,31.347212
芜湖站东广场北(公交站),118.393124,31.352620
芜湖站东广场北(对侧),118.392853,31.352729
芜湖站西广场(下客点)(公交站),118.389154,31.346445
芜湖站西广场上客点(公交站),118.388659,31.349271
芜湖站西广场下客点(公交站),118.388543,31.348255
芜湖长江大桥(公交站),118.372723,31.385967
芜湖长江大桥(对侧),118.373131,31.386141
芜湖职院(北区)北门(公交站),118.377240,31.394071
芜湖职院(北区)西门(公交站),118.372700,31.390126
芜湖职院(南区)东门(公交站),118.373819,31.278377
芜湖职院北区北门(公交站),118.376311,31.394023
芜湖职院北区西门(公交站),118.372856,31.390473
芜铁机务段(公交站),118.402313,31.408416
芜铁机务段(对侧),118.402000,31.408220
五里汀(东行)(公交站),118.390938,31.357973
五里汀(公交站),118.390938,31.357973
五里汀(西行)(公交站),118.391620,31.358305
五里汀(对侧),118.391137,31.358136
五一广场东(公交站),118.383086,31.346406
五一广场东(对侧),118.382793,31.346469
五一广场西(公交站),118.378785,31.348346
五一广场西(对侧),118.379149,31.348173
五一小区(公交站),118.380516,31.345547
五一小区(对侧),118.381000,31.345320
武夷山路(公交站),118.378021,31.400103
武夷山路(对侧),118.377847,31.399976
武夷山路口(公交站),118.398950,31.401341
武夷山路口(对侧),118.399149,31.401427
西干路红花山路(公交站),118.401073,31.304262
西干路红花山路(对侧),118.400857,31.304168
西干路利民路(公交站),118.400367,31.310016
西干路利民路(对侧),118.399850,31.309874
西洋湖(公交站),118.399970,31.326489
西洋湖(对侧),118.400039,31.326677
箱子拐(公交站),118.364853,31.316257
箱子拐(对侧),118.365142,31.316167
祥盛路(公交站),118.401644,31.374793
祥盛路(对侧),118.402136,31.374663
祥泰路口(公交站),118.406029,31.377851
祥泰路口(对侧),118.405789,31.377900
祥泰路万春西路(公交站),118.408290,31.375393
祥泰路万春西路(对侧),118.407879,31.375253
小红星(公交站),118.406085,31.454132
小红星(对侧),118.406000,31.453920
小平山(公交站),118.396767,31.326805
小平山(对侧),118.397138,31.326935
新百大厦(公交站),118.370632,31.325365
新百大厦(对侧),118.371211,31.325300
新华联梦想城(公交站),118.432960,31.372316
新华联梦想城(对侧),118.432926,31.372132
新里城(公交站),118.390810,31.459972
新里城(对侧),118.391139,31.459865
新泉公司(公交站),118.381808,31.465870
新泉公司(对侧),118.382143,31.465768
新时代商业街(公交站),118.372192,31.316076
新时代商业街(对侧),118.371803,31.316037
新时代商业街西(公交站),118.367045,31.314364
新时代商业街西(对侧),118.367135,31.314538
新市口(公交站),118.364240,31.335078
新市口(对侧),118.363863,31.335236
新市口(北)(公交站),118.362007,31.336493
新市口(北)(对侧),118.362000,31.336680
新市口(东)(公交站),118.364515,31.337288
新市口(东)(对侧),118.363851,31.337173
新市口北(公交站),118.361918,31.336615
新市口北(对侧),118.362000,31.336420
新塘(公交站),118.425556,31.357244
新塘(对侧),118.426154,31.357323
新芜路(公交站),118.364631,31.327444
新芜路(对侧),118.365145,31.327270
信德·翡翠湾(公交站),118.388021,31.397765
信德·翡翠湾(对侧),118.388138,31.397936
信德·华府(公交站),118.387451,31.403065
信德·华府(对侧),118.387000,31.403280
信德半岛(公交站),118.392951,31.399570
信德半岛(对侧),118.393211,31.399600
信亚云谷(公交站),118.394964,31.293746
信亚云谷(对侧),118.394863,31.293564
星隆国际城(公交站),118.374760,31.349355
星隆国际城(对侧),118.375000,31.349580
星耀路(公交站),118.462705,31.353039
星耀路(对侧),118.463154,31.353123
旭日天都(东)(公交站),118.418028,31.363749
旭日天都(东)(对侧),118.418093,31.363538
旭日天都(南)(公交站),118.415209,31.361321
旭日天都(南)(对侧),118.414856,31.361169
旭日天都东(公交站),118.418028,31.363749
旭日天都东(对侧),118.418093,31.363538
旭日天都公交场(公交站),118.409660,31.364023
旭日天都公交场(对侧),118.410000,31.363820
旭日天都西(公交站),118.409757,31.359397
旭日天都西(对侧),118.410117,31.359550
宣春路红光路(公交站),118.388220,31.330432
宣春路红光路(对侧),118.387842,31.330281
雅旭·新乐府(公交站),118.392541,31.294668
雅旭·新乐府(对侧),118.393091,31.294862
烟厂(公交站),118.383934,31.303867
烟厂(对侧),118.384157,31.303780
阳瀚路口(公交站),118.411591,31.378130
阳瀚路口(对侧),118.412121,31.378247
阳天路口(公交站),118.430195,31.378715
阳天路口(对侧),118.429789,31.378700
杨家门(公交站),118.362947,31.382778
杨家门(对侧),118.363187,31.382883
杨塘湾(公交站),118.406335,31.419288
杨塘湾(对侧),118.405822,31.419204
宜居·春水湾(公交站),118.488121,31.357244
宜居·春水湾(对侧),118.487789,31.357300
颐和尚水·宇润小区(公交站),118.370635,31.412786
颐和尚水·宇润小区(对侧),118.371066,31.412971
颐景湾畔(公交站),118.383260,31.369345
颐景湾畔(对侧),118.382848,31.369424
弋江嘉园(公交站),118.386536,31.295256
弋江嘉园(对侧),118.387072,31.295469
弋江嘉园二期(公交站),118.389671,31.293425
弋江嘉园二期(对侧),118.390158,31.293281
弋江嘉园二期东(公交站),118.392632,31.292326
弋江嘉园二期东(对侧),118.393139,31.292435
弋江嘉园三期(公交站),118.391288,31.282981
弋江嘉园三期(对侧),118.390843,31.283119
弋江区检察院(公交站),118.374453,31.307040
弋江区检察院(对侧),118.373858,31.307133
弋江区政府(公交站),118.373277,31.312179
弋江区政府(对侧),118.372873,31.311956
弋江区政府西(公交站),118.372237,31.309154
弋江区政府西(对侧),118.371844,31.309321
益安小区(公交站),118.366855,31.442152
益安小区(对侧),118.367143,31.442332
银湖北路天柱山路(公交站),118.373185,31.378518
银湖北路天柱山路(对侧),118.372840,31.378617
银湖北路武夷山路(公交站),118.373463,31.396471
银湖北路武夷山路(对侧),118.372856,31.396369
银湖北路裕安路(公交站),118.375032,31.408876
银湖北路裕安路(对侧),118.374857,31.409033
银湖公园(公交站),118.374168,31.402018
银湖公园(对侧),118.373847,31.402124
银湖中学(公交站),118.383820,31.399932
银湖中学(对侧),118.384211,31.399900
银泰城(公交站),118.365295,31.311428
银泰城(对侧),118.364789,31.311400
迎秀街宣春路(公交站),118.390200,31.331769
迎秀街宣春路(对侧),118.390000,31.331980
甬微公司(公交站),118.408412,31.458315
甬微公司(对侧),118.407861,31.458436
涌金路(公交站),118.424053,31.361434
涌金路(对侧),118.423851,31.361527
涌金路中江大道(公交站),118.428203,31.360990
涌金路中江大道(对侧),118.427865,31.361138
邮件处理中心(公交站),118.393719,31.368185
邮件处理中心(对侧),118.394211,31.368200
育才路(公交站),118.425533,31.376677
育才路(对侧),118.426102,31.376543
育才路鸠江北路(公交站),118.419857,31.370814
育才路鸠江北路(对侧),118.420143,31.370668
裕安路银湖北路(公交站),118.376220,31.411026
裕安路银湖北路(对侧),118.375861,31.411135
裕安小学(公交站),118.379153,31.410864
裕安小学(对侧),118.378845,31.410778
元亩塘小学(公交站),118.398226,31.295063
元亩塘小学(对侧),118.397833,31.295209
元塘路红花山路(公交站),118.396858,31.303333
元塘路红花山路(对侧),118.397135,31.303162
袁泽桥(公交站),118.401991,31.320534
袁泽桥(对侧),118.402211,31.320499
远方物流(公交站),118.376489,31.438268
远方物流(对侧),118.375832,31.438409
月牙路(公交站),118.404165,31.400648
月牙路(对侧),118.403851,31.400473
越秀路1号站(公交站),118.385403,31.406985
越秀路1号站(对侧),118.384846,31.406877
云从路(公交站),118.421007,31.340498
云从路(对侧),118.420850,31.340374
云从路北京中路(公交站),118.420914,31.337203
云从路北京中路(对侧),118.421136,31.337337
云从路赤铸山路(公交站),118.421059,31.356431
云从路赤铸山路(对侧),118.420846,31.356277
云从路仁和路(公交站),118.421026,31.349191
云从路仁和路(对侧),118.420848,31.349076
云从路神山路(公交站),118.421059,31.345269
云从路神山路(对侧),118.420852,31.345428
云从路政通路(公交站),118.421110,31.352196
云从路政通路(对侧),118.420847,31.352323
站南路口(公交站),118.397739,31.343672
站南路口(对侧),118.398118,31.343849
长江北路(公交站),118.363394,31.372830
长江北路(对侧),118.363000,31.372620
长江大桥收费站(公交站),118.375441,31.384889
长江大桥收费站(对侧),118.374850,31.384774
长江市场园(公交站),118.399414,31.363861
长江市场园(对侧),118.398836,31.363787
长江之歌东(公交站),118.365883,31.304293
长江之歌东(对侧),118.366170,31.304406
长江之歌西(公交站),118.360199,31.301193
长江之歌西(对侧),118.359938,31.301372
长盛医院(公交站),118.369964,31.350896
长盛医院(对侧),118.370128,31.351043
长途汽车站(公交站),118.388880,31.345004
长途汽车站(对侧),118.389025,31.344821
长信科技(公交站),118.374640,31.434673
长信科技(对侧),118.375154,31.434578
赭山公园(公交站),118.379865,31.341576
赭山公园(对侧),118.380151,31.341475
政通路口(公交站),118.429672,31.351959
政通路口(对侧),118.430125,31.351855
政务新区(公交站),118.441554,31.352408
政务新区(对侧),118.442119,31.352252
政务中心·市民服务中心(公交站),118.436571,31.353707
政务中心·市民服务中心(对侧),118.437000,31.353520
中和路(公交站),118.368690,31.330429
中和路(对侧),118.369149,31.330527
中级人民法院(公交站),118.370995,31.368790
中级人民法院(对侧),118.370847,31.368923
中建五百米(公交站),118.385039,31.299865
中建五百米(对侧),118.385049,31.300075
中建五百米(江南春城)(公交站),118.385039,31.299865
中建五百米(江南春城)(对侧),118.385049,31.300075
中江大道(公交站),118.429314,31.337132
中江大道(对侧),118.428828,31.336997
中江大道路口(公交站),118.425682,31.335238
中江大道路口(对侧),118.426211,31.335200
中江公园1号站(公交站),118.425330,31.349848
中江公园1号站(对侧),118.424845,31.349778
中江公园2号站(公交站),118.419826,31.349848
中江公园2号站(对侧),118.420147,31.349671
中江桥北(公交站),118.381324,31.321892
中江桥北(对侧),118.381000,31.322080 
中江小学(公交站),118.440415,31.349835
中江小学(对侧),118.439850,31.349674
中江中学(公交站),118.440499,31.346259
中江中学(对侧),118.439853,31.346429
中山南路3号站(公交站),118.364262,31.299405
中山南路3号站(对侧),118.363855,31.299270
中山南路大工山路(公交站),118.364004,31.295031
中山南路大工山路(对侧),118.364155,31.294878
中央城(公交站),118.372923,31.294749
中央城(对侧),118.373146,31.294830
中医药高专(公交站),118.379804,31.301342
中医药高专(对侧),118.380139,31.301435
珠江路越秀路(公交站),118.380555,31.408710
珠江路越秀路(对侧),118.381124,31.408555
综保区公交首末站(公交站),118.400009,31.439970
综保区公交首末站(对侧),118.400145,31.440131
综合保税区(公交站),118.406478,31.436459
综合保税区·师大天门山校区(公交站),118.407523,31.438059
综合保税区·师大天门山校区(对侧),118.408000,31.438280